#,Time,%Passes,Change,Test,Pass,Partial,Fail,Untested
0,Sun Sep 20 23:33:32 EDT 2020,37,37,Assignment2Suite,DimensionTest0+ GetTest0+ KeysTest0+ KeysTest3+ KeysTest5+ MinMaxTest0+ MinMaxTest1+ PutTest0+ PutTest1+ PutTest3+ PutTest4+ PutTest5+ PutTest6+ RemoveTest0+ StructureTest0+ , ,DimensionTest1- DimensionTest2- DimensionTest3- DimensionTest4- GetTest1- GetTest2- GetTest3- GetTest4- KeysTest1- KeysTest2- KeysTest4- KeysTest6- MinMaxTest2- MinMaxTest3- MinMaxTest4- MinMaxTest5- MinMaxTest6- MinMaxTest7- PutTest2- RemoveTest1- RemoveTest2- RemoveTest3- StructureTest1- StructureTest2- StructureTest3- , ,
1,Sun Sep 20 23:43:27 EDT 2020,37,0,Assignment2Suite,DimensionTest0 GetTest0 KeysTest0 KeysTest3 KeysTest5 MinMaxTest0 MinMaxTest1 PutTest0 PutTest1 PutTest3 PutTest4 PutTest5 PutTest6 RemoveTest0 StructureTest0 , ,DimensionTest1 DimensionTest2 DimensionTest3 DimensionTest4 GetTest1 GetTest2 GetTest3 GetTest4 KeysTest1 KeysTest2 KeysTest4 KeysTest6 MinMaxTest2 MinMaxTest3 MinMaxTest4 MinMaxTest5 MinMaxTest6 MinMaxTest7 PutTest2 RemoveTest1 RemoveTest2 RemoveTest3 StructureTest1 StructureTest2 StructureTest3 , ,
2,Sun Sep 20 23:45:52 EDT 2020,37,0,Assignment2Suite,DimensionTest0 GetTest0 KeysTest0 KeysTest3 KeysTest5 MinMaxTest0 MinMaxTest1 PutTest0 PutTest1 PutTest3 PutTest4 PutTest5 PutTest6 RemoveTest0 StructureTest0 , ,DimensionTest1 DimensionTest2 DimensionTest3 DimensionTest4 GetTest1 GetTest2 GetTest3 GetTest4 KeysTest1 KeysTest2 KeysTest4 KeysTest6 MinMaxTest2 MinMaxTest3 MinMaxTest4 MinMaxTest5 MinMaxTest6 MinMaxTest7 PutTest2 RemoveTest1 RemoveTest2 RemoveTest3 StructureTest1 StructureTest2 StructureTest3 , ,
3,Sun Sep 20 23:57:32 EDT 2020,37,0,Assignment2Suite,DimensionTest0 GetTest0 KeysTest0 KeysTest3 KeysTest5 MinMaxTest0 MinMaxTest1 PutTest0 PutTest1 PutTest3 PutTest4 PutTest5 PutTest6 RemoveTest0 StructureTest0 , ,DimensionTest1 DimensionTest2 DimensionTest3 DimensionTest4 GetTest1 GetTest2 GetTest3 GetTest4 KeysTest1 KeysTest2 KeysTest4 KeysTest6 MinMaxTest2 MinMaxTest3 MinMaxTest4 MinMaxTest5 MinMaxTest6 MinMaxTest7 PutTest2 RemoveTest1 RemoveTest2 RemoveTest3 StructureTest1 StructureTest2 StructureTest3 , ,
4,Mon Sep 21 11:17:12 EDT 2020,37,0,Assignment2Suite,DimensionTest0 GetTest0 KeysTest0 KeysTest3 KeysTest5 MinMaxTest0 MinMaxTest1 PutTest0 PutTest1 PutTest3 PutTest4 PutTest5 PutTest6 RemoveTest0 StructureTest0 , ,DimensionTest1 DimensionTest2 DimensionTest3 DimensionTest4 GetTest1 GetTest2 GetTest3 GetTest4 KeysTest1 KeysTest2 KeysTest4 KeysTest6 MinMaxTest2 MinMaxTest3 MinMaxTest4 MinMaxTest5 MinMaxTest6 MinMaxTest7 PutTest2 RemoveTest1 RemoveTest2 RemoveTest3 StructureTest1 StructureTest2 StructureTest3 , ,
5,Mon Sep 21 11:41:46 EDT 2020,0,-37,Assignment2Suite, , ,DimensionTest0- DimensionTest1 DimensionTest2 DimensionTest3 DimensionTest4 GetTest0- GetTest1 GetTest2 GetTest3 GetTest4 KeysTest0- KeysTest1 KeysTest2 KeysTest3- KeysTest4 KeysTest5- KeysTest6 MinMaxTest0- MinMaxTest1- MinMaxTest2 MinMaxTest3 MinMaxTest4 MinMaxTest5 MinMaxTest6 MinMaxTest7 PutTest0- PutTest1- PutTest2 PutTest3- PutTest4- PutTest5- PutTest6- RemoveTest0- RemoveTest1 RemoveTest2 RemoveTest3 StructureTest0- StructureTest1 StructureTest2 StructureTest3 , ,
6,Mon Sep 21 11:42:12 EDT 2020,0,0,Assignment2Suite, , ,DimensionTest0 DimensionTest1 DimensionTest2 DimensionTest3 DimensionTest4 GetTest0 GetTest1 GetTest2 GetTest3 GetTest4 KeysTest0 KeysTest1 KeysTest2 KeysTest3 KeysTest4 KeysTest5 KeysTest6 MinMaxTest0 MinMaxTest1 MinMaxTest2 MinMaxTest3 MinMaxTest4 MinMaxTest5 MinMaxTest6 MinMaxTest7 PutTest0 PutTest1 PutTest2 PutTest3 PutTest4 PutTest5 PutTest6 RemoveTest0 RemoveTest1 RemoveTest2 RemoveTest3 StructureTest0 StructureTest1 StructureTest2 StructureTest3 , ,
7,Mon Sep 21 11:42:42 EDT 2020,0,0,Assignment2Suite, , ,DimensionTest0 DimensionTest1 DimensionTest2 DimensionTest3 DimensionTest4 GetTest0 GetTest1 GetTest2 GetTest3 GetTest4 KeysTest0 KeysTest1 KeysTest2 KeysTest3 KeysTest4 KeysTest5 KeysTest6 MinMaxTest0 MinMaxTest1 MinMaxTest2 MinMaxTest3 MinMaxTest4 MinMaxTest5 MinMaxTest6 MinMaxTest7 PutTest0 PutTest1 PutTest2 PutTest3 PutTest4 PutTest5 PutTest6 RemoveTest0 RemoveTest1 RemoveTest2 RemoveTest3 StructureTest0 StructureTest1 StructureTest2 StructureTest3 , ,
8,Mon Sep 21 11:44:04 EDT 2020,0,0,Assignment2Suite, , ,DimensionTest0 DimensionTest1 DimensionTest2 DimensionTest3 DimensionTest4 GetTest0 GetTest1 GetTest2 GetTest3 GetTest4 KeysTest0 KeysTest1 KeysTest2 KeysTest3 KeysTest4 KeysTest5 KeysTest6 MinMaxTest0 MinMaxTest1 MinMaxTest2 MinMaxTest3 MinMaxTest4 MinMaxTest5 MinMaxTest6 MinMaxTest7 PutTest0 PutTest1 PutTest2 PutTest3 PutTest4 PutTest5 PutTest6 RemoveTest0 RemoveTest1 RemoveTest2 RemoveTest3 StructureTest0 StructureTest1 StructureTest2 StructureTest3 , ,
9,Mon Sep 21 11:45:53 EDT 2020,0,0,Assignment2Suite, , ,DimensionTest0 DimensionTest1 DimensionTest2 DimensionTest3 DimensionTest4 GetTest0 GetTest1 GetTest2 GetTest3 GetTest4 KeysTest0 KeysTest1 KeysTest2 KeysTest3 KeysTest4 KeysTest5 KeysTest6 MinMaxTest0 MinMaxTest1 MinMaxTest2 MinMaxTest3 MinMaxTest4 MinMaxTest5 MinMaxTest6 MinMaxTest7 PutTest0 PutTest1 PutTest2 PutTest3 PutTest4 PutTest5 PutTest6 RemoveTest0 RemoveTest1 RemoveTest2 RemoveTest3 StructureTest0 StructureTest1 StructureTest2 StructureTest3 , ,
10,Mon Sep 21 11:46:10 EDT 2020,17,17,Assignment2Suite,DimensionTest0+ GetTest0+ KeysTest0+ MinMaxTest0+ MinMaxTest1+ RemoveTest0+ StructureTest0+ , ,DimensionTest1 DimensionTest2 DimensionTest3 DimensionTest4 GetTest1 GetTest2 GetTest3 GetTest4 KeysTest1 KeysTest2 KeysTest3 KeysTest4 KeysTest5 KeysTest6 MinMaxTest2 MinMaxTest3 MinMaxTest4 MinMaxTest5 MinMaxTest6 MinMaxTest7 PutTest0 PutTest1 PutTest2 PutTest3 PutTest4 PutTest5 PutTest6 RemoveTest1 RemoveTest2 RemoveTest3 StructureTest1 StructureTest2 StructureTest3 , ,
11,Mon Sep 21 11:47:32 EDT 2020,17,0,Assignment2Suite,DimensionTest0 GetTest0 KeysTest0 MinMaxTest0 MinMaxTest1 RemoveTest0 StructureTest0 , ,DimensionTest1 DimensionTest2 DimensionTest3 DimensionTest4 GetTest1 GetTest2 GetTest3 GetTest4 KeysTest1 KeysTest2 KeysTest3 KeysTest4 KeysTest5 KeysTest6 MinMaxTest2 MinMaxTest3 MinMaxTest4 MinMaxTest5 MinMaxTest6 MinMaxTest7 PutTest0 PutTest1 PutTest2 PutTest3 PutTest4 PutTest5 PutTest6 RemoveTest1 RemoveTest2 RemoveTest3 StructureTest1 StructureTest2 StructureTest3 , ,
12,Mon Sep 21 11:56:56 EDT 2020,17,0,Assignment2Suite,DimensionTest0 GetTest0 KeysTest0 MinMaxTest0 MinMaxTest1 RemoveTest0 StructureTest0 , ,DimensionTest1 DimensionTest2 DimensionTest3 DimensionTest4 GetTest1 GetTest2 GetTest3 GetTest4 KeysTest1 KeysTest2 KeysTest3 KeysTest4 KeysTest5 KeysTest6 MinMaxTest2 MinMaxTest3 MinMaxTest4 MinMaxTest5 MinMaxTest6 MinMaxTest7 PutTest0 PutTest1 PutTest2 PutTest3 PutTest4 PutTest5 PutTest6 RemoveTest1 RemoveTest2 RemoveTest3 StructureTest1 StructureTest2 StructureTest3 , ,
13,Mon Sep 21 12:25:28 EDT 2020,42,25,Assignment2Suite,GetTest0 GetTest1+ GetTest2+ GetTest4+ KeysTest0 MinMaxTest0 MinMaxTest1 PutTest0+ PutTest1+ PutTest2+ PutTest3+ PutTest4+ RemoveTest0 RemoveTest2+ RemoveTest3+ StructureTest0 StructureTest1+ , ,DimensionTest0- DimensionTest1 DimensionTest2 DimensionTest3 DimensionTest4 GetTest3 KeysTest1 KeysTest2 KeysTest3 KeysTest4 KeysTest5 KeysTest6 MinMaxTest2 MinMaxTest3 MinMaxTest4 MinMaxTest5 MinMaxTest6 MinMaxTest7 PutTest5 PutTest6 RemoveTest1 StructureTest2 StructureTest3 , ,
14,Mon Sep 21 12:28:13 EDT 2020,42,0,Assignment2Suite,GetTest0 GetTest1 GetTest2 GetTest4 KeysTest0 MinMaxTest0 MinMaxTest1 PutTest0 PutTest1 PutTest2 PutTest3 PutTest4 RemoveTest0 RemoveTest2 RemoveTest3 StructureTest0 StructureTest1 , ,DimensionTest0 DimensionTest1 DimensionTest2 DimensionTest3 DimensionTest4 GetTest3 KeysTest1 KeysTest2 KeysTest3 KeysTest4 KeysTest5 KeysTest6 MinMaxTest2 MinMaxTest3 MinMaxTest4 MinMaxTest5 MinMaxTest6 MinMaxTest7 PutTest5 PutTest6 RemoveTest1 StructureTest2 StructureTest3 , ,
15,Mon Sep 21 12:53:16 EDT 2020,15,-27,Assignment2Suite,DimensionTest0+ GetTest0 KeysTest0 MinMaxTest0 RemoveTest0 StructureTest0 , ,DimensionTest1 DimensionTest2 DimensionTest3 DimensionTest4 GetTest1- GetTest2- GetTest3 GetTest4- KeysTest1 KeysTest2 KeysTest3 KeysTest4 KeysTest5 KeysTest6 MinMaxTest1- MinMaxTest2 MinMaxTest3 MinMaxTest4 MinMaxTest5 MinMaxTest6 MinMaxTest7 PutTest0- PutTest1- PutTest2- PutTest3- PutTest4- PutTest5 PutTest6 RemoveTest1 RemoveTest2- RemoveTest3- StructureTest1- StructureTest2 StructureTest3 , ,
16,Mon Sep 21 12:53:43 EDT 2020,50,35,Assignment2Suite,DimensionTest0 DimensionTest1+ DimensionTest2+ GetTest0 GetTest1+ GetTest2+ GetTest4+ KeysTest0 MinMaxTest0 PutTest0+ PutTest1+ PutTest2+ PutTest3+ PutTest4+ RemoveTest0 RemoveTest1+ RemoveTest2+ RemoveTest3+ StructureTest0 StructureTest1+ , ,DimensionTest3 DimensionTest4 GetTest3 KeysTest1 KeysTest2 KeysTest3 KeysTest4 KeysTest5 KeysTest6 MinMaxTest1 MinMaxTest2 MinMaxTest3 MinMaxTest4 MinMaxTest5 MinMaxTest6 MinMaxTest7 PutTest5 PutTest6 StructureTest2 StructureTest3 , ,
17,Mon Sep 21 12:59:54 EDT 2020,35,-15,Assignment2Suite,DimensionTest0 GetTest0 KeysTest0 KeysTest3+ KeysTest5+ MinMaxTest0 PutTest0 PutTest1 PutTest3 PutTest4 PutTest5+ PutTest6+ RemoveTest0 StructureTest0 , ,DimensionTest1- DimensionTest2- DimensionTest3 DimensionTest4 GetTest1- GetTest2- GetTest3 GetTest4- KeysTest1 KeysTest2 KeysTest4 KeysTest6 MinMaxTest1 MinMaxTest2 MinMaxTest3 MinMaxTest4 MinMaxTest5 MinMaxTest6 MinMaxTest7 PutTest2- RemoveTest1- RemoveTest2- RemoveTest3- StructureTest1- StructureTest2 StructureTest3 , ,
18,Mon Sep 21 13:00:23 EDT 2020,35,0,Assignment2Suite,DimensionTest0 GetTest0 KeysTest0 KeysTest3 KeysTest5 MinMaxTest0 PutTest0 PutTest1 PutTest3 PutTest4 PutTest5 PutTest6 RemoveTest0 StructureTest0 , ,DimensionTest1 DimensionTest2 DimensionTest3 DimensionTest4 GetTest1 GetTest2 GetTest3 GetTest4 KeysTest1 KeysTest2 KeysTest4 KeysTest6 MinMaxTest1 MinMaxTest2 MinMaxTest3 MinMaxTest4 MinMaxTest5 MinMaxTest6 MinMaxTest7 PutTest2 RemoveTest1 RemoveTest2 RemoveTest3 StructureTest1 StructureTest2 StructureTest3 , ,
19,Mon Sep 21 13:03:44 EDT 2020,50,15,Assignment2Suite,DimensionTest0 DimensionTest1+ DimensionTest2+ GetTest0 GetTest1+ GetTest2+ GetTest4+ KeysTest0 MinMaxTest0 PutTest0 PutTest1 PutTest2+ PutTest3 PutTest4 RemoveTest0 RemoveTest1+ RemoveTest2+ RemoveTest3+ StructureTest0 StructureTest1+ , ,DimensionTest3 DimensionTest4 GetTest3 KeysTest1 KeysTest2 KeysTest3- KeysTest4 KeysTest5- KeysTest6 MinMaxTest1 MinMaxTest2 MinMaxTest3 MinMaxTest4 MinMaxTest5 MinMaxTest6 MinMaxTest7 PutTest5- PutTest6- StructureTest2 StructureTest3 , ,
20,Mon Sep 21 14:54:18 EDT 2020,47,-3,Assignment2Suite,DimensionTest0 DimensionTest1 DimensionTest2 GetTest0 GetTest1 GetTest2 GetTest4 MinMaxTest0 PutTest0 PutTest1 PutTest2 PutTest3 PutTest4 RemoveTest0 RemoveTest1 RemoveTest2 RemoveTest3 StructureTest0 StructureTest1 , ,DimensionTest3 DimensionTest4 GetTest3 KeysTest0- KeysTest1 KeysTest2 KeysTest3 KeysTest4 KeysTest5 KeysTest6 MinMaxTest1 MinMaxTest2 MinMaxTest3 MinMaxTest4 MinMaxTest5 MinMaxTest6 MinMaxTest7 PutTest5 PutTest6 StructureTest2 StructureTest3 , ,
21,Mon Sep 21 14:56:22 EDT 2020,47,0,Assignment2Suite,DimensionTest0 DimensionTest1 DimensionTest2 GetTest0 GetTest1 GetTest2 GetTest4 MinMaxTest0 PutTest0 PutTest1 PutTest2 PutTest3 PutTest4 RemoveTest0 RemoveTest1 RemoveTest2 RemoveTest3 StructureTest0 StructureTest1 , ,DimensionTest3 DimensionTest4 GetTest3 KeysTest0 KeysTest1 KeysTest2 KeysTest3 KeysTest4 KeysTest5 KeysTest6 MinMaxTest1 MinMaxTest2 MinMaxTest3 MinMaxTest4 MinMaxTest5 MinMaxTest6 MinMaxTest7 PutTest5 PutTest6 StructureTest2 StructureTest3 , ,
22,Mon Sep 21 14:59:15 EDT 2020,55,8,Assignment2Suite,DimensionTest0 DimensionTest1 DimensionTest2 GetTest0 GetTest1 GetTest2 GetTest4 KeysTest0+ KeysTest3+ KeysTest5+ MinMaxTest0 PutTest0 PutTest1 PutTest2 PutTest3 PutTest4 RemoveTest0 RemoveTest1 RemoveTest2 RemoveTest3 StructureTest0 StructureTest1 , ,DimensionTest3 DimensionTest4 GetTest3 KeysTest1 KeysTest2 KeysTest4 KeysTest6 MinMaxTest1 MinMaxTest2 MinMaxTest3 MinMaxTest4 MinMaxTest5 MinMaxTest6 MinMaxTest7 PutTest5 PutTest6 StructureTest2 StructureTest3 , ,
23,Mon Sep 21 14:59:47 EDT 2020,55,0,Assignment2Suite,DimensionTest0 DimensionTest1 DimensionTest2 GetTest0 GetTest1 GetTest2 GetTest4 KeysTest0 KeysTest3 KeysTest5 MinMaxTest0 PutTest0 PutTest1 PutTest2 PutTest3 PutTest4 RemoveTest0 RemoveTest1 RemoveTest2 RemoveTest3 StructureTest0 StructureTest1 , ,DimensionTest3 DimensionTest4 GetTest3 KeysTest1 KeysTest2 KeysTest4 KeysTest6 MinMaxTest1 MinMaxTest2 MinMaxTest3 MinMaxTest4 MinMaxTest5 MinMaxTest6 MinMaxTest7 PutTest5 PutTest6 StructureTest2 StructureTest3 , ,
24,Mon Sep 21 15:02:51 EDT 2020,52,-3,Assignment2Suite,DimensionTest0 DimensionTest1 DimensionTest2 GetTest0 GetTest1 GetTest2 GetTest4 KeysTest0 KeysTest3 KeysTest5 PutTest0 PutTest1 PutTest2 PutTest3 PutTest4 RemoveTest0 RemoveTest1 RemoveTest2 RemoveTest3 StructureTest0 StructureTest1 , ,DimensionTest3 DimensionTest4 GetTest3 KeysTest1 KeysTest2 KeysTest4 KeysTest6 MinMaxTest0- MinMaxTest1 MinMaxTest2 MinMaxTest3 MinMaxTest4 MinMaxTest5 MinMaxTest6 MinMaxTest7 PutTest5 PutTest6 StructureTest2 StructureTest3 , ,
25,Mon Sep 21 15:04:32 EDT 2020,57,5,Assignment2Suite,DimensionTest0 DimensionTest1 DimensionTest2 GetTest0 GetTest1 GetTest2 GetTest4 KeysTest0 KeysTest3 KeysTest5 MinMaxTest0+ MinMaxTest1+ PutTest0 PutTest1 PutTest2 PutTest3 PutTest4 RemoveTest0 RemoveTest1 RemoveTest2 RemoveTest3 StructureTest0 StructureTest1 , ,DimensionTest3 DimensionTest4 GetTest3 KeysTest1 KeysTest2 KeysTest4 KeysTest6 MinMaxTest2 MinMaxTest3 MinMaxTest4 MinMaxTest5 MinMaxTest6 MinMaxTest7 PutTest5 PutTest6 StructureTest2 StructureTest3 , ,
26,Mon Sep 21 15:05:37 EDT 2020,57,0,Assignment2Suite,DimensionTest0 DimensionTest1 DimensionTest2 GetTest0 GetTest1 GetTest2 GetTest4 KeysTest0 KeysTest3 KeysTest5 MinMaxTest0 MinMaxTest1 PutTest0 PutTest1 PutTest2 PutTest3 PutTest4 RemoveTest0 RemoveTest1 RemoveTest2 RemoveTest3 StructureTest0 StructureTest1 , ,DimensionTest3 DimensionTest4 GetTest3 KeysTest1 KeysTest2 KeysTest4 KeysTest6 MinMaxTest2 MinMaxTest3 MinMaxTest4 MinMaxTest5 MinMaxTest6 MinMaxTest7 PutTest5 PutTest6 StructureTest2 StructureTest3 , ,
27,Mon Sep 21 15:27:57 EDT 2020,57,0,Assignment2Suite,DimensionTest0 DimensionTest1 DimensionTest2 GetTest0 GetTest1 GetTest2 GetTest4 KeysTest0 KeysTest3 KeysTest5 MinMaxTest0 MinMaxTest1 PutTest0 PutTest1 PutTest2 PutTest3 PutTest4 RemoveTest0 RemoveTest1 RemoveTest2 RemoveTest3 StructureTest0 StructureTest1 , ,DimensionTest3 DimensionTest4 GetTest3 KeysTest1 KeysTest2 KeysTest4 KeysTest6 MinMaxTest2 MinMaxTest3 MinMaxTest4 MinMaxTest5 MinMaxTest6 MinMaxTest7 PutTest5 PutTest6 StructureTest2 StructureTest3 , ,
28,Mon Sep 21 15:30:25 EDT 2020,57,0,Assignment2Suite,DimensionTest0 DimensionTest1 DimensionTest2 GetTest0 GetTest1 GetTest2 GetTest4 KeysTest0 KeysTest3 KeysTest5 MinMaxTest0 MinMaxTest1 PutTest0 PutTest1 PutTest2 PutTest3 PutTest4 RemoveTest0 RemoveTest1 RemoveTest2 RemoveTest3 StructureTest0 StructureTest1 , ,DimensionTest3 DimensionTest4 GetTest3 KeysTest1 KeysTest2 KeysTest4 KeysTest6 MinMaxTest2 MinMaxTest3 MinMaxTest4 MinMaxTest5 MinMaxTest6 MinMaxTest7 PutTest5 PutTest6 StructureTest2 StructureTest3 , ,
29,Mon Sep 21 15:34:21 EDT 2020,57,0,Assignment2Suite,DimensionTest0 DimensionTest1 DimensionTest2 GetTest0 GetTest1 GetTest2 GetTest4 KeysTest0 KeysTest3 KeysTest5 MinMaxTest0 MinMaxTest1 PutTest0 PutTest1 PutTest2 PutTest3 PutTest4 RemoveTest0 RemoveTest1 RemoveTest2 RemoveTest3 StructureTest0 StructureTest1 , ,DimensionTest3 DimensionTest4 GetTest3 KeysTest1 KeysTest2 KeysTest4 KeysTest6 MinMaxTest2 MinMaxTest3 MinMaxTest4 MinMaxTest5 MinMaxTest6 MinMaxTest7 PutTest5 PutTest6 StructureTest2 StructureTest3 , ,
30,Mon Sep 21 15:35:43 EDT 2020,57,0,Assignment2Suite,DimensionTest0 DimensionTest1 DimensionTest2 GetTest0 GetTest1 GetTest2 GetTest4 KeysTest0 KeysTest3 KeysTest5 MinMaxTest0 MinMaxTest1 PutTest0 PutTest1 PutTest2 PutTest3 PutTest4 RemoveTest0 RemoveTest1 RemoveTest2 RemoveTest3 StructureTest0 StructureTest1 , ,DimensionTest3 DimensionTest4 GetTest3 KeysTest1 KeysTest2 KeysTest4 KeysTest6 MinMaxTest2 MinMaxTest3 MinMaxTest4 MinMaxTest5 MinMaxTest6 MinMaxTest7 PutTest5 PutTest6 StructureTest2 StructureTest3 , ,
31,Mon Sep 21 15:37:32 EDT 2020,57,0,Assignment2Suite,DimensionTest0 DimensionTest1 DimensionTest2 GetTest0 GetTest1 GetTest2 GetTest4 KeysTest0 KeysTest3 KeysTest5 MinMaxTest0 MinMaxTest1 PutTest0 PutTest1 PutTest2 PutTest3 PutTest4 RemoveTest0 RemoveTest1 RemoveTest2 RemoveTest3 StructureTest0 StructureTest1 , ,DimensionTest3 DimensionTest4 GetTest3 KeysTest1 KeysTest2 KeysTest4 KeysTest6 MinMaxTest2 MinMaxTest3 MinMaxTest4 MinMaxTest5 MinMaxTest6 MinMaxTest7 PutTest5 PutTest6 StructureTest2 StructureTest3 , ,
32,Mon Sep 21 15:47:08 EDT 2020,42,-15,Assignment2Suite,DimensionTest0 DimensionTest1 DimensionTest2 GetTest0 GetTest1 GetTest2 KeysTest0 MinMaxTest0 MinMaxTest1 PutTest0 PutTest1 PutTest2 PutTest3 RemoveTest0 RemoveTest1 StructureTest0 StructureTest1 , ,DimensionTest3 DimensionTest4 GetTest3 GetTest4- KeysTest1 KeysTest2 KeysTest3- KeysTest4 KeysTest5- KeysTest6 MinMaxTest2 MinMaxTest3 MinMaxTest4 MinMaxTest5 MinMaxTest6 MinMaxTest7 PutTest4- PutTest5 PutTest6 RemoveTest2- RemoveTest3- StructureTest2 StructureTest3 , ,
33,Mon Sep 21 15:49:04 EDT 2020,37,-5,Assignment2Suite,DimensionTest0 GetTest0 KeysTest0 KeysTest3+ KeysTest5+ MinMaxTest0 MinMaxTest1 PutTest0 PutTest1 PutTest3 PutTest4+ PutTest5+ PutTest6+ RemoveTest0 StructureTest0 , ,DimensionTest1- DimensionTest2- DimensionTest3 DimensionTest4 GetTest1- GetTest2- GetTest3 GetTest4 KeysTest1 KeysTest2 KeysTest4 KeysTest6 MinMaxTest2 MinMaxTest3 MinMaxTest4 MinMaxTest5 MinMaxTest6 MinMaxTest7 PutTest2- RemoveTest1- RemoveTest2 RemoveTest3 StructureTest1- StructureTest2 StructureTest3 , ,
34,Mon Sep 21 15:49:53 EDT 2020,37,0,Assignment2Suite,DimensionTest0 GetTest0 KeysTest0 KeysTest3 KeysTest5 MinMaxTest0 MinMaxTest1 PutTest0 PutTest1 PutTest3 PutTest4 PutTest5 PutTest6 RemoveTest0 StructureTest0 , ,DimensionTest1 DimensionTest2 DimensionTest3 DimensionTest4 GetTest1 GetTest2 GetTest3 GetTest4 KeysTest1 KeysTest2 KeysTest4 KeysTest6 MinMaxTest2 MinMaxTest3 MinMaxTest4 MinMaxTest5 MinMaxTest6 MinMaxTest7 PutTest2 RemoveTest1 RemoveTest2 RemoveTest3 StructureTest1 StructureTest2 StructureTest3 , ,
35,Mon Sep 21 15:52:16 EDT 2020,37,0,Assignment2Suite,DimensionTest0 GetTest0 KeysTest0 KeysTest3 KeysTest5 MinMaxTest0 MinMaxTest1 PutTest0 PutTest1 PutTest3 PutTest4 PutTest5 PutTest6 RemoveTest0 StructureTest0 , ,DimensionTest1 DimensionTest2 DimensionTest3 DimensionTest4 GetTest1 GetTest2 GetTest3 GetTest4 KeysTest1 KeysTest2 KeysTest4 KeysTest6 MinMaxTest2 MinMaxTest3 MinMaxTest4 MinMaxTest5 MinMaxTest6 MinMaxTest7 PutTest2 RemoveTest1 RemoveTest2 RemoveTest3 StructureTest1 StructureTest2 StructureTest3 , ,
36,Mon Sep 21 16:39:50 EDT 2020,37,0,Assignment2Suite,DimensionTest0 GetTest0 KeysTest0 KeysTest3 KeysTest5 MinMaxTest0 MinMaxTest1 PutTest0 PutTest1 PutTest3 PutTest4 PutTest5 PutTest6 RemoveTest0 StructureTest0 , ,DimensionTest1 DimensionTest2 DimensionTest3 DimensionTest4 GetTest1 GetTest2 GetTest3 GetTest4 KeysTest1 KeysTest2 KeysTest4 KeysTest6 MinMaxTest2 MinMaxTest3 MinMaxTest4 MinMaxTest5 MinMaxTest6 MinMaxTest7 PutTest2 RemoveTest1 RemoveTest2 RemoveTest3 StructureTest1 StructureTest2 StructureTest3 , ,
37,Mon Sep 21 16:40:33 EDT 2020,37,0,Assignment2Suite,DimensionTest0 GetTest0 KeysTest0 KeysTest3 KeysTest5 MinMaxTest0 MinMaxTest1 PutTest0 PutTest1 PutTest3 PutTest4 PutTest5 PutTest6 RemoveTest0 StructureTest0 , ,DimensionTest1 DimensionTest2 DimensionTest3 DimensionTest4 GetTest1 GetTest2 GetTest3 GetTest4 KeysTest1 KeysTest2 KeysTest4 KeysTest6 MinMaxTest2 MinMaxTest3 MinMaxTest4 MinMaxTest5 MinMaxTest6 MinMaxTest7 PutTest2 RemoveTest1 RemoveTest2 RemoveTest3 StructureTest1 StructureTest2 StructureTest3 , ,
38,Mon Sep 21 16:48:58 EDT 2020,35,-2,Assignment2Suite,DimensionTest0 KeysTest0 KeysTest3 KeysTest5 MinMaxTest0 MinMaxTest1 PutTest0 PutTest1 PutTest3 PutTest4 PutTest5 PutTest6 RemoveTest0 StructureTest0 , ,DimensionTest1 DimensionTest2 DimensionTest3 DimensionTest4 GetTest0- GetTest1 GetTest2 GetTest3 GetTest4 KeysTest1 KeysTest2 KeysTest4 KeysTest6 MinMaxTest2 MinMaxTest3 MinMaxTest4 MinMaxTest5 MinMaxTest6 MinMaxTest7 PutTest2 RemoveTest1 RemoveTest2 RemoveTest3 StructureTest1 StructureTest2 StructureTest3 , ,
39,Mon Sep 21 16:50:48 EDT 2020,35,0,Assignment2Suite,DimensionTest0 KeysTest0 KeysTest3 KeysTest5 MinMaxTest0 MinMaxTest1 PutTest0 PutTest1 PutTest3 PutTest4 PutTest5 PutTest6 RemoveTest0 StructureTest0 , ,DimensionTest1 DimensionTest2 DimensionTest3 DimensionTest4 GetTest0 GetTest1 GetTest2 GetTest3 GetTest4 KeysTest1 KeysTest2 KeysTest4 KeysTest6 MinMaxTest2 MinMaxTest3 MinMaxTest4 MinMaxTest5 MinMaxTest6 MinMaxTest7 PutTest2 RemoveTest1 RemoveTest2 RemoveTest3 StructureTest1 StructureTest2 StructureTest3 , ,
40,Mon Sep 21 17:22:23 EDT 2020,35,0,Assignment2Suite,DimensionTest0 KeysTest0 KeysTest3 KeysTest5 MinMaxTest0 MinMaxTest1 PutTest0 PutTest1 PutTest3 PutTest4 PutTest5 PutTest6 RemoveTest0 StructureTest0 , ,DimensionTest1 DimensionTest2 DimensionTest3 DimensionTest4 GetTest0 GetTest1 GetTest2 GetTest3 GetTest4 KeysTest1 KeysTest2 KeysTest4 KeysTest6 MinMaxTest2 MinMaxTest3 MinMaxTest4 MinMaxTest5 MinMaxTest6 MinMaxTest7 PutTest2 RemoveTest1 RemoveTest2 RemoveTest3 StructureTest1 StructureTest2 StructureTest3 , ,
41,Mon Sep 21 17:24:09 EDT 2020,30,-5,Assignment2Suite,DimensionTest0 KeysTest0 KeysTest3 KeysTest5 MinMaxTest0 MinMaxTest1 PutTest1 PutTest3 PutTest5 PutTest6 RemoveTest0 StructureTest0 , ,DimensionTest1 DimensionTest2 DimensionTest3 DimensionTest4 GetTest0 GetTest1 GetTest2 GetTest3 GetTest4 KeysTest1 KeysTest2 KeysTest4 KeysTest6 MinMaxTest2 MinMaxTest3 MinMaxTest4 MinMaxTest5 MinMaxTest6 MinMaxTest7 PutTest0- PutTest2 PutTest4- RemoveTest1 RemoveTest2 RemoveTest3 StructureTest1 StructureTest2 StructureTest3 , ,
42,Mon Sep 21 17:26:58 EDT 2020,35,5,Assignment2Suite,DimensionTest0 KeysTest0 KeysTest3 KeysTest5 MinMaxTest0 MinMaxTest1 PutTest0+ PutTest1 PutTest3 PutTest4+ PutTest5 PutTest6 RemoveTest0 StructureTest0 , ,DimensionTest1 DimensionTest2 DimensionTest3 DimensionTest4 GetTest0 GetTest1 GetTest2 GetTest3 GetTest4 KeysTest1 KeysTest2 KeysTest4 KeysTest6 MinMaxTest2 MinMaxTest3 MinMaxTest4 MinMaxTest5 MinMaxTest6 MinMaxTest7 PutTest2 RemoveTest1 RemoveTest2 RemoveTest3 StructureTest1 StructureTest2 StructureTest3 , ,
43,Mon Sep 21 17:28:04 EDT 2020,37,2,Assignment2Suite,DimensionTest0 GetTest0+ KeysTest0 KeysTest3 KeysTest5 MinMaxTest0 MinMaxTest1 PutTest0 PutTest1 PutTest3 PutTest4 PutTest5 PutTest6 RemoveTest0 StructureTest0 , ,DimensionTest1 DimensionTest2 DimensionTest3 DimensionTest4 GetTest1 GetTest2 GetTest3 GetTest4 KeysTest1 KeysTest2 KeysTest4 KeysTest6 MinMaxTest2 MinMaxTest3 MinMaxTest4 MinMaxTest5 MinMaxTest6 MinMaxTest7 PutTest2 RemoveTest1 RemoveTest2 RemoveTest3 StructureTest1 StructureTest2 StructureTest3 , ,
44,Mon Sep 21 17:34:40 EDT 2020,32,-5,Assignment2Suite,DimensionTest0 GetTest0 KeysTest0 KeysTest3 KeysTest5 MinMaxTest0 MinMaxTest1 PutTest1 PutTest3 PutTest5 PutTest6 RemoveTest0 StructureTest0 , ,DimensionTest1 DimensionTest2 DimensionTest3 DimensionTest4 GetTest1 GetTest2 GetTest3 GetTest4 KeysTest1 KeysTest2 KeysTest4 KeysTest6 MinMaxTest2 MinMaxTest3 MinMaxTest4 MinMaxTest5 MinMaxTest6 MinMaxTest7 PutTest0- PutTest2 PutTest4- RemoveTest1 RemoveTest2 RemoveTest3 StructureTest1 StructureTest2 StructureTest3 , ,
45,Mon Sep 21 17:35:05 EDT 2020,37,5,Assignment2Suite,DimensionTest0 GetTest0 KeysTest0 KeysTest3 KeysTest5 MinMaxTest0 MinMaxTest1 PutTest0+ PutTest1 PutTest3 PutTest4+ PutTest5 PutTest6 RemoveTest0 StructureTest0 , ,DimensionTest1 DimensionTest2 DimensionTest3 DimensionTest4 GetTest1 GetTest2 GetTest3 GetTest4 KeysTest1 KeysTest2 KeysTest4 KeysTest6 MinMaxTest2 MinMaxTest3 MinMaxTest4 MinMaxTest5 MinMaxTest6 MinMaxTest7 PutTest2 RemoveTest1 RemoveTest2 RemoveTest3 StructureTest1 StructureTest2 StructureTest3 , ,
46,Mon Sep 21 17:41:43 EDT 2020,32,-5,Assignment2Suite,DimensionTest0 GetTest0 KeysTest0 KeysTest3 KeysTest5 MinMaxTest0 MinMaxTest1 PutTest1 PutTest3 PutTest5 PutTest6 RemoveTest0 StructureTest0 , ,DimensionTest1 DimensionTest2 DimensionTest3 DimensionTest4 GetTest1 GetTest2 GetTest3 GetTest4 KeysTest1 KeysTest2 KeysTest4 KeysTest6 MinMaxTest2 MinMaxTest3 MinMaxTest4 MinMaxTest5 MinMaxTest6 MinMaxTest7 PutTest0- PutTest2 PutTest4- RemoveTest1 RemoveTest2 RemoveTest3 StructureTest1 StructureTest2 StructureTest3 , ,
47,Mon Sep 21 17:41:55 EDT 2020,32,0,Assignment2Suite,DimensionTest0 GetTest0 KeysTest0 KeysTest3 KeysTest5 MinMaxTest0 MinMaxTest1 PutTest1 PutTest3 PutTest5 PutTest6 RemoveTest0 StructureTest0 , ,DimensionTest1 DimensionTest2 DimensionTest3 DimensionTest4 GetTest1 GetTest2 GetTest3 GetTest4 KeysTest1 KeysTest2 KeysTest4 KeysTest6 MinMaxTest2 MinMaxTest3 MinMaxTest4 MinMaxTest5 MinMaxTest6 MinMaxTest7 PutTest0 PutTest2 PutTest4 RemoveTest1 RemoveTest2 RemoveTest3 StructureTest1 StructureTest2 StructureTest3 , ,
48,Mon Sep 21 17:42:39 EDT 2020,32,0,Assignment2Suite,DimensionTest0 GetTest0 KeysTest0 KeysTest3 KeysTest5 MinMaxTest0 MinMaxTest1 PutTest1 PutTest3 PutTest5 PutTest6 RemoveTest0 StructureTest0 , ,DimensionTest1 DimensionTest2 DimensionTest3 DimensionTest4 GetTest1 GetTest2 GetTest3 GetTest4 KeysTest1 KeysTest2 KeysTest4 KeysTest6 MinMaxTest2 MinMaxTest3 MinMaxTest4 MinMaxTest5 MinMaxTest6 MinMaxTest7 PutTest0 PutTest2 PutTest4 RemoveTest1 RemoveTest2 RemoveTest3 StructureTest1 StructureTest2 StructureTest3 , ,
49,Mon Sep 21 17:43:02 EDT 2020,37,5,Assignment2Suite,DimensionTest0 GetTest0 KeysTest0 KeysTest3 KeysTest5 MinMaxTest0 MinMaxTest1 PutTest0+ PutTest1 PutTest3 PutTest4+ PutTest5 PutTest6 RemoveTest0 StructureTest0 , ,DimensionTest1 DimensionTest2 DimensionTest3 DimensionTest4 GetTest1 GetTest2 GetTest3 GetTest4 KeysTest1 KeysTest2 KeysTest4 KeysTest6 MinMaxTest2 MinMaxTest3 MinMaxTest4 MinMaxTest5 MinMaxTest6 MinMaxTest7 PutTest2 RemoveTest1 RemoveTest2 RemoveTest3 StructureTest1 StructureTest2 StructureTest3 , ,
50,Mon Sep 21 17:43:17 EDT 2020,37,0,Assignment2Suite,DimensionTest0 GetTest0 KeysTest0 KeysTest3 KeysTest5 MinMaxTest0 MinMaxTest1 PutTest0 PutTest1 PutTest3 PutTest4 PutTest5 PutTest6 RemoveTest0 StructureTest0 , ,DimensionTest1 DimensionTest2 DimensionTest3 DimensionTest4 GetTest1 GetTest2 GetTest3 GetTest4 KeysTest1 KeysTest2 KeysTest4 KeysTest6 MinMaxTest2 MinMaxTest3 MinMaxTest4 MinMaxTest5 MinMaxTest6 MinMaxTest7 PutTest2 RemoveTest1 RemoveTest2 RemoveTest3 StructureTest1 StructureTest2 StructureTest3 , ,
51,Mon Sep 21 17:44:52 EDT 2020,32,-5,Assignment2Suite,DimensionTest0 GetTest0 KeysTest0 KeysTest3 KeysTest5 MinMaxTest0 MinMaxTest1 PutTest1 PutTest3 PutTest5 PutTest6 RemoveTest0 StructureTest0 , ,DimensionTest1 DimensionTest2 DimensionTest3 DimensionTest4 GetTest1 GetTest2 GetTest3 GetTest4 KeysTest1 KeysTest2 KeysTest4 KeysTest6 MinMaxTest2 MinMaxTest3 MinMaxTest4 MinMaxTest5 MinMaxTest6 MinMaxTest7 PutTest0- PutTest2 PutTest4- RemoveTest1 RemoveTest2 RemoveTest3 StructureTest1 StructureTest2 StructureTest3 , ,
52,Mon Sep 21 17:45:10 EDT 2020,37,5,Assignment2Suite,DimensionTest0 GetTest0 KeysTest0 KeysTest3 KeysTest5 MinMaxTest0 MinMaxTest1 PutTest0+ PutTest1 PutTest3 PutTest4+ PutTest5 PutTest6 RemoveTest0 StructureTest0 , ,DimensionTest1 DimensionTest2 DimensionTest3 DimensionTest4 GetTest1 GetTest2 GetTest3 GetTest4 KeysTest1 KeysTest2 KeysTest4 KeysTest6 MinMaxTest2 MinMaxTest3 MinMaxTest4 MinMaxTest5 MinMaxTest6 MinMaxTest7 PutTest2 RemoveTest1 RemoveTest2 RemoveTest3 StructureTest1 StructureTest2 StructureTest3 , ,
53,Mon Sep 21 17:46:15 EDT 2020,37,0,Assignment2Suite,DimensionTest0 GetTest0 KeysTest0 KeysTest3 KeysTest5 MinMaxTest0 MinMaxTest1 PutTest0 PutTest1 PutTest3 PutTest4 PutTest5 PutTest6 RemoveTest0 StructureTest0 , ,DimensionTest1 DimensionTest2 DimensionTest3 DimensionTest4 GetTest1 GetTest2 GetTest3 GetTest4 KeysTest1 KeysTest2 KeysTest4 KeysTest6 MinMaxTest2 MinMaxTest3 MinMaxTest4 MinMaxTest5 MinMaxTest6 MinMaxTest7 PutTest2 RemoveTest1 RemoveTest2 RemoveTest3 StructureTest1 StructureTest2 StructureTest3 , ,
54,Mon Sep 21 17:47:26 EDT 2020,37,0,Assignment2Suite,DimensionTest0 GetTest0 KeysTest0 KeysTest3 KeysTest5 MinMaxTest0 MinMaxTest1 PutTest0 PutTest1 PutTest3 PutTest4 PutTest5 PutTest6 RemoveTest0 StructureTest0 , ,DimensionTest1 DimensionTest2 DimensionTest3 DimensionTest4 GetTest1 GetTest2 GetTest3 GetTest4 KeysTest1 KeysTest2 KeysTest4 KeysTest6 MinMaxTest2 MinMaxTest3 MinMaxTest4 MinMaxTest5 MinMaxTest6 MinMaxTest7 PutTest2 RemoveTest1 RemoveTest2 RemoveTest3 StructureTest1 StructureTest2 StructureTest3 , ,
55,Mon Sep 21 17:47:46 EDT 2020,32,-5,Assignment2Suite,DimensionTest0 GetTest0 KeysTest0 KeysTest3 KeysTest5 MinMaxTest0 MinMaxTest1 PutTest1 PutTest3 PutTest5 PutTest6 RemoveTest0 StructureTest0 , ,DimensionTest1 DimensionTest2 DimensionTest3 DimensionTest4 GetTest1 GetTest2 GetTest3 GetTest4 KeysTest1 KeysTest2 KeysTest4 KeysTest6 MinMaxTest2 MinMaxTest3 MinMaxTest4 MinMaxTest5 MinMaxTest6 MinMaxTest7 PutTest0- PutTest2 PutTest4- RemoveTest1 RemoveTest2 RemoveTest3 StructureTest1 StructureTest2 StructureTest3 , ,
56,Mon Sep 21 17:47:58 EDT 2020,37,5,Assignment2Suite,DimensionTest0 GetTest0 KeysTest0 KeysTest3 KeysTest5 MinMaxTest0 MinMaxTest1 PutTest0+ PutTest1 PutTest3 PutTest4+ PutTest5 PutTest6 RemoveTest0 StructureTest0 , ,DimensionTest1 DimensionTest2 DimensionTest3 DimensionTest4 GetTest1 GetTest2 GetTest3 GetTest4 KeysTest1 KeysTest2 KeysTest4 KeysTest6 MinMaxTest2 MinMaxTest3 MinMaxTest4 MinMaxTest5 MinMaxTest6 MinMaxTest7 PutTest2 RemoveTest1 RemoveTest2 RemoveTest3 StructureTest1 StructureTest2 StructureTest3 , ,
57,Mon Sep 21 17:49:34 EDT 2020,37,0,Assignment2Suite,DimensionTest0 GetTest0 KeysTest0 KeysTest3 KeysTest5 MinMaxTest0 MinMaxTest1 PutTest0 PutTest1 PutTest3 PutTest4 PutTest5 PutTest6 RemoveTest0 StructureTest0 , ,DimensionTest1 DimensionTest2 DimensionTest3 DimensionTest4 GetTest1 GetTest2 GetTest3 GetTest4 KeysTest1 KeysTest2 KeysTest4 KeysTest6 MinMaxTest2 MinMaxTest3 MinMaxTest4 MinMaxTest5 MinMaxTest6 MinMaxTest7 PutTest2 RemoveTest1 RemoveTest2 RemoveTest3 StructureTest1 StructureTest2 StructureTest3 , ,
58,Mon Sep 21 17:59:14 EDT 2020,37,0,Assignment2Suite,DimensionTest0 GetTest0 KeysTest0 KeysTest3 KeysTest5 MinMaxTest0 MinMaxTest1 PutTest0 PutTest1 PutTest3 PutTest4 PutTest5 PutTest6 RemoveTest0 StructureTest0 , ,DimensionTest1 DimensionTest2 DimensionTest3 DimensionTest4 GetTest1 GetTest2 GetTest3 GetTest4 KeysTest1 KeysTest2 KeysTest4 KeysTest6 MinMaxTest2 MinMaxTest3 MinMaxTest4 MinMaxTest5 MinMaxTest6 MinMaxTest7 PutTest2 RemoveTest1 RemoveTest2 RemoveTest3 StructureTest1 StructureTest2 StructureTest3 , ,
59,Mon Sep 21 18:07:01 EDT 2020,37,0,Assignment2Suite,DimensionTest0 GetTest0 KeysTest0 KeysTest3 KeysTest5 MinMaxTest0 MinMaxTest1 PutTest0 PutTest1 PutTest3 PutTest4 PutTest5 PutTest6 RemoveTest0 StructureTest0 , ,DimensionTest1 DimensionTest2 DimensionTest3 DimensionTest4 GetTest1 GetTest2 GetTest3 GetTest4 KeysTest1 KeysTest2 KeysTest4 KeysTest6 MinMaxTest2 MinMaxTest3 MinMaxTest4 MinMaxTest5 MinMaxTest6 MinMaxTest7 PutTest2 RemoveTest1 RemoveTest2 RemoveTest3 StructureTest1 StructureTest2 StructureTest3 , ,
60,Mon Sep 21 18:08:26 EDT 2020,37,0,Assignment2Suite,DimensionTest0 GetTest0 KeysTest0 KeysTest3 KeysTest5 MinMaxTest0 MinMaxTest1 PutTest0 PutTest1 PutTest3 PutTest4 PutTest5 PutTest6 RemoveTest0 StructureTest0 , ,DimensionTest1 DimensionTest2 DimensionTest3 DimensionTest4 GetTest1 GetTest2 GetTest3 GetTest4 KeysTest1 KeysTest2 KeysTest4 KeysTest6 MinMaxTest2 MinMaxTest3 MinMaxTest4 MinMaxTest5 MinMaxTest6 MinMaxTest7 PutTest2 RemoveTest1 RemoveTest2 RemoveTest3 StructureTest1 StructureTest2 StructureTest3 , ,
61,Mon Sep 21 18:19:34 EDT 2020,37,0,Assignment2Suite,DimensionTest0 GetTest0 KeysTest0 KeysTest3 KeysTest5 MinMaxTest0 MinMaxTest1 PutTest0 PutTest1 PutTest3 PutTest4 PutTest5 PutTest6 RemoveTest0 StructureTest0 , ,DimensionTest1 DimensionTest2 DimensionTest3 DimensionTest4 GetTest1 GetTest2 GetTest3 GetTest4 KeysTest1 KeysTest2 KeysTest4 KeysTest6 MinMaxTest2 MinMaxTest3 MinMaxTest4 MinMaxTest5 MinMaxTest6 MinMaxTest7 PutTest2 RemoveTest1 RemoveTest2 RemoveTest3 StructureTest1 StructureTest2 StructureTest3 , ,
62,Mon Sep 21 23:11:35 EDT 2020,37,0,Assignment2Suite,DimensionTest0 GetTest0 KeysTest0 KeysTest3 KeysTest5 MinMaxTest0 MinMaxTest1 PutTest0 PutTest1 PutTest3 PutTest4 PutTest5 PutTest6 RemoveTest0 StructureTest0 , ,DimensionTest1 DimensionTest2 DimensionTest3 DimensionTest4 GetTest1 GetTest2 GetTest3 GetTest4 KeysTest1 KeysTest2 KeysTest4 KeysTest6 MinMaxTest2 MinMaxTest3 MinMaxTest4 MinMaxTest5 MinMaxTest6 MinMaxTest7 PutTest2 RemoveTest1 RemoveTest2 RemoveTest3 StructureTest1 StructureTest2 StructureTest3 , ,
63,Tue Sep 22 10:18:52 EDT 2020,37,0,Assignment2Suite,DimensionTest0 GetTest0 KeysTest0 KeysTest3 KeysTest5 MinMaxTest0 MinMaxTest1 PutTest0 PutTest1 PutTest3 PutTest4 PutTest5 PutTest6 RemoveTest0 StructureTest0 , ,DimensionTest1 DimensionTest2 DimensionTest3 DimensionTest4 GetTest1 GetTest2 GetTest3 GetTest4 KeysTest1 KeysTest2 KeysTest4 KeysTest6 MinMaxTest2 MinMaxTest3 MinMaxTest4 MinMaxTest5 MinMaxTest6 MinMaxTest7 PutTest2 RemoveTest1 RemoveTest2 RemoveTest3 StructureTest1 StructureTest2 StructureTest3 , ,
64,Tue Sep 22 11:01:20 EDT 2020,37,0,Assignment2Suite,DimensionTest0 GetTest0 KeysTest0 KeysTest3 KeysTest5 MinMaxTest0 MinMaxTest1 PutTest0 PutTest1 PutTest3 PutTest4 PutTest5 PutTest6 RemoveTest0 StructureTest0 , ,DimensionTest1 DimensionTest2 DimensionTest3 DimensionTest4 GetTest1 GetTest2 GetTest3 GetTest4 KeysTest1 KeysTest2 KeysTest4 KeysTest6 MinMaxTest2 MinMaxTest3 MinMaxTest4 MinMaxTest5 MinMaxTest6 MinMaxTest7 PutTest2 RemoveTest1 RemoveTest2 RemoveTest3 StructureTest1 StructureTest2 StructureTest3 , ,
65,Tue Sep 22 11:01:45 EDT 2020,57,20,Assignment2Suite,DimensionTest0 DimensionTest1+ DimensionTest2+ GetTest0 GetTest1+ GetTest2+ GetTest4+ KeysTest0 KeysTest3 KeysTest5 MinMaxTest0 MinMaxTest1 PutTest0 PutTest1 PutTest2+ PutTest3 PutTest4 RemoveTest0 RemoveTest1+ RemoveTest2+ RemoveTest3+ StructureTest0 StructureTest1+ , ,DimensionTest3 DimensionTest4 GetTest3 KeysTest1 KeysTest2 KeysTest4 KeysTest6 MinMaxTest2 MinMaxTest3 MinMaxTest4 MinMaxTest5 MinMaxTest6 MinMaxTest7 PutTest5- PutTest6- StructureTest2 StructureTest3 , ,
66,Tue Sep 22 11:05:19 EDT 2020,37,-20,Assignment2Suite,DimensionTest0 GetTest0 KeysTest0 KeysTest3 KeysTest5 MinMaxTest0 MinMaxTest1 PutTest0 PutTest1 PutTest3 PutTest4 PutTest5+ PutTest6+ RemoveTest0 StructureTest0 , ,DimensionTest1- DimensionTest2- DimensionTest3 DimensionTest4 GetTest1- GetTest2- GetTest3 GetTest4- KeysTest1 KeysTest2 KeysTest4 KeysTest6 MinMaxTest2 MinMaxTest3 MinMaxTest4 MinMaxTest5 MinMaxTest6 MinMaxTest7 PutTest2- RemoveTest1- RemoveTest2- RemoveTest3- StructureTest1- StructureTest2 StructureTest3 , ,
67,Tue Sep 22 11:06:02 EDT 2020,57,20,Assignment2Suite,DimensionTest0 DimensionTest1+ DimensionTest2+ GetTest0 GetTest1+ GetTest2+ GetTest4+ KeysTest0 KeysTest3 KeysTest5 MinMaxTest0 MinMaxTest1 PutTest0 PutTest1 PutTest2+ PutTest3 PutTest4 RemoveTest0 RemoveTest1+ RemoveTest2+ RemoveTest3+ StructureTest0 StructureTest1+ , ,DimensionTest3 DimensionTest4 GetTest3 KeysTest1 KeysTest2 KeysTest4 KeysTest6 MinMaxTest2 MinMaxTest3 MinMaxTest4 MinMaxTest5 MinMaxTest6 MinMaxTest7 PutTest5- PutTest6- StructureTest2 StructureTest3 , ,
68,Tue Sep 22 11:06:40 EDT 2020,57,0,Assignment2Suite,DimensionTest0 DimensionTest1 DimensionTest2 GetTest0 GetTest1 GetTest2 GetTest4 KeysTest0 KeysTest3 KeysTest5 MinMaxTest0 MinMaxTest1 PutTest0 PutTest1 PutTest2 PutTest3 PutTest4 RemoveTest0 RemoveTest1 RemoveTest2 RemoveTest3 StructureTest0 StructureTest1 , ,DimensionTest3 DimensionTest4 GetTest3 KeysTest1 KeysTest2 KeysTest4 KeysTest6 MinMaxTest2 MinMaxTest3 MinMaxTest4 MinMaxTest5 MinMaxTest6 MinMaxTest7 PutTest5 PutTest6 StructureTest2 StructureTest3 , ,
69,Tue Sep 22 11:24:50 EDT 2020,57,0,Assignment2Suite,DimensionTest0 DimensionTest1 DimensionTest2 GetTest0 GetTest1 GetTest2 GetTest4 KeysTest0 KeysTest3 KeysTest5 MinMaxTest0 MinMaxTest1 PutTest0 PutTest1 PutTest2 PutTest3 PutTest4 RemoveTest0 RemoveTest1 RemoveTest2 RemoveTest3 StructureTest0 StructureTest1 , ,DimensionTest3 DimensionTest4 GetTest3 KeysTest1 KeysTest2 KeysTest4 KeysTest6 MinMaxTest2 MinMaxTest3 MinMaxTest4 MinMaxTest5 MinMaxTest6 MinMaxTest7 PutTest5 PutTest6 StructureTest2 StructureTest3 , ,
70,Tue Sep 22 11:30:41 EDT 2020,37,-20,Assignment2Suite,DimensionTest0 GetTest0 KeysTest0 KeysTest3 KeysTest5 MinMaxTest0 MinMaxTest1 PutTest0 PutTest1 PutTest3 PutTest4 PutTest5+ PutTest6+ RemoveTest0 StructureTest0 , ,DimensionTest1- DimensionTest2- DimensionTest3 DimensionTest4 GetTest1- GetTest2- GetTest3 GetTest4- KeysTest1 KeysTest2 KeysTest4 KeysTest6 MinMaxTest2 MinMaxTest3 MinMaxTest4 MinMaxTest5 MinMaxTest6 MinMaxTest7 PutTest2- RemoveTest1- RemoveTest2- RemoveTest3- StructureTest1- StructureTest2 StructureTest3 , ,
71,Tue Sep 22 11:32:10 EDT 2020,60,23,Assignment2Suite,DimensionTest0 DimensionTest1+ DimensionTest2+ GetTest0 GetTest1+ GetTest2+ KeysTest0 KeysTest2+ KeysTest3 KeysTest5 MinMaxTest0 MinMaxTest1 PutTest0 PutTest1 PutTest2+ PutTest3 PutTest4 PutTest5 RemoveTest0 RemoveTest1+ RemoveTest2+ RemoveTest3+ StructureTest0 StructureTest1+ , ,DimensionTest3 DimensionTest4 GetTest3 GetTest4 KeysTest1 KeysTest4 KeysTest6 MinMaxTest2 MinMaxTest3 MinMaxTest4 MinMaxTest5 MinMaxTest6 MinMaxTest7 PutTest6- StructureTest2 StructureTest3 , ,
72,Tue Sep 22 11:34:30 EDT 2020,60,0,Assignment2Suite,DimensionTest0 DimensionTest1 DimensionTest2 GetTest0 GetTest1 GetTest2 KeysTest0 KeysTest2 KeysTest3 KeysTest5 MinMaxTest0 MinMaxTest1 PutTest0 PutTest1 PutTest2 PutTest3 PutTest4 PutTest5 RemoveTest0 RemoveTest1 RemoveTest2 RemoveTest3 StructureTest0 StructureTest1 , ,DimensionTest3 DimensionTest4 GetTest3 GetTest4 KeysTest1 KeysTest4 KeysTest6 MinMaxTest2 MinMaxTest3 MinMaxTest4 MinMaxTest5 MinMaxTest6 MinMaxTest7 PutTest6 StructureTest2 StructureTest3 , ,
73,Tue Sep 22 11:36:01 EDT 2020,60,0,Assignment2Suite,DimensionTest0 DimensionTest1 DimensionTest2 GetTest0 GetTest1 GetTest2 KeysTest0 KeysTest2 KeysTest3 KeysTest5 MinMaxTest0 MinMaxTest1 PutTest0 PutTest1 PutTest2 PutTest3 PutTest4 PutTest5 RemoveTest0 RemoveTest1 RemoveTest2 RemoveTest3 StructureTest0 StructureTest1 , ,DimensionTest3 DimensionTest4 GetTest3 GetTest4 KeysTest1 KeysTest4 KeysTest6 MinMaxTest2 MinMaxTest3 MinMaxTest4 MinMaxTest5 MinMaxTest6 MinMaxTest7 PutTest6 StructureTest2 StructureTest3 , ,
74,Tue Sep 22 11:40:42 EDT 2020,60,0,Assignment2Suite,DimensionTest0 DimensionTest1 DimensionTest2 GetTest0 GetTest1 GetTest2 KeysTest0 KeysTest2 KeysTest3 KeysTest5 MinMaxTest0 MinMaxTest1 PutTest0 PutTest1 PutTest2 PutTest3 PutTest4 PutTest5 RemoveTest0 RemoveTest1 RemoveTest2 RemoveTest3 StructureTest0 StructureTest1 , ,DimensionTest3 DimensionTest4 GetTest3 GetTest4 KeysTest1 KeysTest4 KeysTest6 MinMaxTest2 MinMaxTest3 MinMaxTest4 MinMaxTest5 MinMaxTest6 MinMaxTest7 PutTest6 StructureTest2 StructureTest3 , ,
75,Tue Sep 22 11:46:17 EDT 2020,65,5,Assignment2Suite,DimensionTest0 DimensionTest1 DimensionTest2 GetTest0 GetTest1 GetTest2 KeysTest0 KeysTest2 KeysTest3 KeysTest5 MinMaxTest0 MinMaxTest1 MinMaxTest3+ MinMaxTest5+ PutTest0 PutTest1 PutTest2 PutTest3 PutTest4 PutTest5 RemoveTest0 RemoveTest1 RemoveTest2 RemoveTest3 StructureTest0 StructureTest1 , ,DimensionTest3 DimensionTest4 GetTest3 GetTest4 KeysTest1 KeysTest4 KeysTest6 MinMaxTest2 MinMaxTest4 MinMaxTest6 MinMaxTest7 PutTest6 StructureTest2 StructureTest3 , ,
76,Tue Sep 22 11:47:59 EDT 2020,67,2,Assignment2Suite,DimensionTest0 DimensionTest1 DimensionTest2 GetTest0 GetTest1 GetTest2 KeysTest0 KeysTest2 KeysTest3 KeysTest5 MinMaxTest0 MinMaxTest1 MinMaxTest2+ MinMaxTest3 MinMaxTest5 PutTest0 PutTest1 PutTest2 PutTest3 PutTest4 PutTest5 RemoveTest0 RemoveTest1 RemoveTest2 RemoveTest3 StructureTest0 StructureTest1 , ,DimensionTest3 DimensionTest4 GetTest3 GetTest4 KeysTest1 KeysTest4 KeysTest6 MinMaxTest4 MinMaxTest6 MinMaxTest7 PutTest6 StructureTest2 StructureTest3 , ,
77,Tue Sep 22 11:49:28 EDT 2020,62,-5,Assignment2Suite,DimensionTest0 DimensionTest1 DimensionTest2 GetTest0 GetTest1 KeysTest0 KeysTest2 KeysTest3 KeysTest5 MinMaxTest0 MinMaxTest1 MinMaxTest2 MinMaxTest3 MinMaxTest5 PutTest0 PutTest1 PutTest2 PutTest4 PutTest5 RemoveTest0 RemoveTest1 RemoveTest2 RemoveTest3 StructureTest0 StructureTest1 , ,DimensionTest3 DimensionTest4 GetTest2- GetTest3 GetTest4 KeysTest1 KeysTest4 KeysTest6 MinMaxTest4 MinMaxTest6 MinMaxTest7 PutTest3- PutTest6 StructureTest2 StructureTest3 , ,
78,Tue Sep 22 11:50:02 EDT 2020,67,5,Assignment2Suite,DimensionTest0 DimensionTest1 DimensionTest2 GetTest0 GetTest1 GetTest2+ KeysTest0 KeysTest2 KeysTest3 KeysTest5 MinMaxTest0 MinMaxTest1 MinMaxTest2 MinMaxTest3 MinMaxTest5 PutTest0 PutTest1 PutTest2 PutTest3+ PutTest4 PutTest5 RemoveTest0 RemoveTest1 RemoveTest2 RemoveTest3 StructureTest0 StructureTest1 , ,DimensionTest3 DimensionTest4 GetTest3 GetTest4 KeysTest1 KeysTest4 KeysTest6 MinMaxTest4 MinMaxTest6 MinMaxTest7 PutTest6 StructureTest2 StructureTest3 , ,
79,Tue Sep 22 12:06:33 EDT 2020,87,20,Assignment2Suite,DimensionTest0 DimensionTest1 DimensionTest2 DimensionTest3+ DimensionTest4+ GetTest0 GetTest1 GetTest2 KeysTest0 KeysTest2 KeysTest3 KeysTest4+ KeysTest5 KeysTest6+ MinMaxTest0 MinMaxTest1 MinMaxTest2 MinMaxTest3 MinMaxTest4+ MinMaxTest5 MinMaxTest6+ MinMaxTest7+ PutTest0 PutTest1 PutTest2 PutTest3 PutTest5 PutTest6+ RemoveTest0 RemoveTest1 RemoveTest2 RemoveTest3 StructureTest0 StructureTest1 StructureTest2+ , ,GetTest3 GetTest4 KeysTest1 PutTest4- StructureTest3 , ,
80,Tue Sep 22 12:10:16 EDT 2020,67,-20,Assignment2Suite,DimensionTest0 DimensionTest1 DimensionTest2 GetTest0 GetTest1 GetTest2 GetTest4+ KeysTest0 KeysTest3 KeysTest5 MinMaxTest0 MinMaxTest1 MinMaxTest2 MinMaxTest3 MinMaxTest4 MinMaxTest6 PutTest0 PutTest1 PutTest2 PutTest3 PutTest4+ RemoveTest0 RemoveTest1 RemoveTest2 RemoveTest3 StructureTest0 StructureTest1 , ,DimensionTest3- DimensionTest4- GetTest3 KeysTest1 KeysTest2- KeysTest4- KeysTest6- MinMaxTest5- MinMaxTest7- PutTest5- PutTest6- StructureTest2- StructureTest3 , ,
81,Tue Sep 22 12:12:21 EDT 2020,67,0,Assignment2Suite,DimensionTest0 DimensionTest1 DimensionTest2 GetTest0 GetTest1 GetTest2 KeysTest0 KeysTest2+ KeysTest3 KeysTest5 MinMaxTest0 MinMaxTest1 MinMaxTest2 MinMaxTest3 MinMaxTest5+ PutTest0 PutTest1 PutTest2 PutTest3 PutTest4 PutTest5+ RemoveTest0 RemoveTest1 RemoveTest2 RemoveTest3 StructureTest0 StructureTest1 , ,DimensionTest3 DimensionTest4 GetTest3 GetTest4- KeysTest1 KeysTest4 KeysTest6 MinMaxTest4- MinMaxTest6- MinMaxTest7 PutTest6 StructureTest2 StructureTest3 , ,
82,Tue Sep 22 12:15:09 EDT 2020,67,0,Assignment2Suite,DimensionTest0 DimensionTest1 DimensionTest2 GetTest0 GetTest1 GetTest2 GetTest4+ KeysTest0 KeysTest3 KeysTest5 MinMaxTest0 MinMaxTest1 MinMaxTest2 MinMaxTest3 MinMaxTest4+ MinMaxTest6+ PutTest0 PutTest1 PutTest2 PutTest3 PutTest4 RemoveTest0 RemoveTest1 RemoveTest2 RemoveTest3 StructureTest0 StructureTest1 , ,DimensionTest3 DimensionTest4 GetTest3 KeysTest1 KeysTest2- KeysTest4 KeysTest6 MinMaxTest5- MinMaxTest7 PutTest5- PutTest6 StructureTest2 StructureTest3 , ,
83,Tue Sep 22 12:15:57 EDT 2020,87,20,Assignment2Suite,DimensionTest0 DimensionTest1 DimensionTest2 DimensionTest3+ DimensionTest4+ GetTest0 GetTest1 GetTest2 KeysTest0 KeysTest2+ KeysTest3 KeysTest4+ KeysTest5 KeysTest6+ MinMaxTest0 MinMaxTest1 MinMaxTest2 MinMaxTest3 MinMaxTest4 MinMaxTest5+ MinMaxTest6 MinMaxTest7+ PutTest0 PutTest1 PutTest2 PutTest3 PutTest5+ PutTest6+ RemoveTest0 RemoveTest1 RemoveTest2 RemoveTest3 StructureTest0 StructureTest1 StructureTest2+ , ,GetTest3 GetTest4- KeysTest1 PutTest4- StructureTest3 , ,
84,Tue Sep 22 12:19:05 EDT 2020,87,0,Assignment2Suite,DimensionTest0 DimensionTest1 DimensionTest2 DimensionTest3 DimensionTest4 GetTest0 GetTest1 GetTest2 KeysTest0 KeysTest2 KeysTest3 KeysTest4 KeysTest5 KeysTest6 MinMaxTest0 MinMaxTest1 MinMaxTest2 MinMaxTest3 MinMaxTest4 MinMaxTest5 MinMaxTest6 MinMaxTest7 PutTest0 PutTest1 PutTest2 PutTest3 PutTest5 PutTest6 RemoveTest0 RemoveTest1 RemoveTest2 RemoveTest3 StructureTest0 StructureTest1 StructureTest2 , ,GetTest3 GetTest4 KeysTest1 PutTest4 StructureTest3 , ,
85,Tue Sep 22 12:20:15 EDT 2020,87,0,Assignment2Suite,DimensionTest0 DimensionTest1 DimensionTest2 DimensionTest3 DimensionTest4 GetTest0 GetTest1 GetTest2 KeysTest0 KeysTest2 KeysTest3 KeysTest4 KeysTest5 KeysTest6 MinMaxTest0 MinMaxTest1 MinMaxTest2 MinMaxTest3 MinMaxTest4 MinMaxTest5 MinMaxTest6 MinMaxTest7 PutTest0 PutTest1 PutTest2 PutTest3 PutTest5 PutTest6 RemoveTest0 RemoveTest1 RemoveTest2 RemoveTest3 StructureTest0 StructureTest1 StructureTest2 , ,GetTest3 GetTest4 KeysTest1 PutTest4 StructureTest3 , ,
86,Tue Sep 22 12:20:36 EDT 2020,17,-70,Assignment2Suite,DimensionTest0 GetTest0 KeysTest0 MinMaxTest0 MinMaxTest1 RemoveTest0 StructureTest0 , ,DimensionTest1- DimensionTest2- DimensionTest3- DimensionTest4- GetTest1- GetTest2- GetTest3 GetTest4 KeysTest1 KeysTest2- KeysTest3- KeysTest4- KeysTest5- KeysTest6- MinMaxTest2- MinMaxTest3- MinMaxTest4- MinMaxTest5- MinMaxTest6- MinMaxTest7- PutTest0- PutTest1- PutTest2- PutTest3- PutTest4 PutTest5- PutTest6- RemoveTest1- RemoveTest2- RemoveTest3- StructureTest1- StructureTest2- StructureTest3 , ,
87,Tue Sep 22 12:20:55 EDT 2020,87,70,Assignment2Suite,DimensionTest0 DimensionTest1+ DimensionTest2+ DimensionTest3+ DimensionTest4+ GetTest0 GetTest1+ GetTest2+ KeysTest0 KeysTest2+ KeysTest3+ KeysTest4+ KeysTest5+ KeysTest6+ MinMaxTest0 MinMaxTest1 MinMaxTest2+ MinMaxTest3+ MinMaxTest4+ MinMaxTest5+ MinMaxTest6+ MinMaxTest7+ PutTest0+ PutTest1+ PutTest2+ PutTest3+ PutTest5+ PutTest6+ RemoveTest0 RemoveTest1+ RemoveTest2+ RemoveTest3+ StructureTest0 StructureTest1+ StructureTest2+ , ,GetTest3 GetTest4 KeysTest1 PutTest4 StructureTest3 , ,
88,Tue Sep 22 12:21:37 EDT 2020,90,3,Assignment2Suite,DimensionTest0 DimensionTest1 DimensionTest2 DimensionTest3 DimensionTest4 GetTest0 GetTest1 GetTest2 KeysTest0 KeysTest2 KeysTest3 KeysTest4 KeysTest5 KeysTest6 MinMaxTest0 MinMaxTest1 MinMaxTest2 MinMaxTest3 MinMaxTest4 MinMaxTest5 MinMaxTest6 MinMaxTest7 PutTest0 PutTest1 PutTest2 PutTest3 PutTest4+ PutTest5 PutTest6 RemoveTest0 RemoveTest1 RemoveTest2 RemoveTest3 StructureTest0 StructureTest1 StructureTest2 , ,GetTest3 GetTest4 KeysTest1 StructureTest3 , ,
89,Tue Sep 22 12:22:49 EDT 2020,90,0,Assignment2Suite,DimensionTest0 DimensionTest1 DimensionTest2 DimensionTest3 DimensionTest4 GetTest0 GetTest1 GetTest2 KeysTest0 KeysTest2 KeysTest3 KeysTest4 KeysTest5 KeysTest6 MinMaxTest0 MinMaxTest1 MinMaxTest2 MinMaxTest3 MinMaxTest4 MinMaxTest5 MinMaxTest6 MinMaxTest7 PutTest0 PutTest1 PutTest2 PutTest3 PutTest4 PutTest5 PutTest6 RemoveTest0 RemoveTest1 RemoveTest2 RemoveTest3 StructureTest0 StructureTest1 StructureTest2 , ,GetTest3 GetTest4 KeysTest1 StructureTest3 , ,
90,Tue Sep 22 12:26:08 EDT 2020,87,-3,Assignment2Suite,DimensionTest0 DimensionTest1 DimensionTest2 DimensionTest3 DimensionTest4 GetTest1 GetTest2 KeysTest0 KeysTest2 KeysTest3 KeysTest4 KeysTest5 KeysTest6 MinMaxTest0 MinMaxTest1 MinMaxTest2 MinMaxTest3 MinMaxTest4 MinMaxTest5 MinMaxTest6 MinMaxTest7 PutTest0 PutTest1 PutTest2 PutTest3 PutTest4 PutTest5 PutTest6 RemoveTest0 RemoveTest1 RemoveTest2 RemoveTest3 StructureTest0 StructureTest1 StructureTest2 , ,GetTest0- GetTest3 GetTest4 KeysTest1 StructureTest3 , ,
91,Tue Sep 22 12:33:28 EDT 2020,90,3,Assignment2Suite,DimensionTest0 DimensionTest1 DimensionTest2 DimensionTest3 DimensionTest4 GetTest0+ GetTest1 GetTest2 KeysTest0 KeysTest2 KeysTest3 KeysTest4 KeysTest5 KeysTest6 MinMaxTest0 MinMaxTest1 MinMaxTest2 MinMaxTest3 MinMaxTest4 MinMaxTest5 MinMaxTest6 MinMaxTest7 PutTest0 PutTest1 PutTest2 PutTest3 PutTest4 PutTest5 PutTest6 RemoveTest0 RemoveTest1 RemoveTest2 RemoveTest3 StructureTest0 StructureTest1 StructureTest2 , ,GetTest3 GetTest4 KeysTest1 StructureTest3 , ,
92,Tue Sep 22 12:34:15 EDT 2020,95,5,Assignment2Suite,DimensionTest0 DimensionTest1 DimensionTest2 DimensionTest3 DimensionTest4 GetTest0 GetTest1 GetTest2 GetTest3+ GetTest4+ KeysTest0 KeysTest2 KeysTest3 KeysTest4 KeysTest5 KeysTest6 MinMaxTest0 MinMaxTest1 MinMaxTest2 MinMaxTest3 MinMaxTest4 MinMaxTest5 MinMaxTest6 MinMaxTest7 PutTest0 PutTest1 PutTest2 PutTest3 PutTest4 PutTest5 PutTest6 RemoveTest0 RemoveTest1 RemoveTest2 RemoveTest3 StructureTest0 StructureTest1 StructureTest2 , ,KeysTest1 StructureTest3 , ,
93,Tue Sep 22 12:40:59 EDT 2020,90,-5,Assignment2Suite,DimensionTest0 DimensionTest1 DimensionTest2 DimensionTest3 DimensionTest4 GetTest0 GetTest1 GetTest2 GetTest3 GetTest4 KeysTest0 KeysTest2 KeysTest3 KeysTest5 MinMaxTest0 MinMaxTest1 MinMaxTest2 MinMaxTest3 MinMaxTest4 MinMaxTest5 MinMaxTest6 MinMaxTest7 PutTest0 PutTest1 PutTest2 PutTest3 PutTest4 PutTest5 PutTest6 RemoveTest0 RemoveTest1 RemoveTest2 RemoveTest3 StructureTest0 StructureTest1 StructureTest2 , ,KeysTest1 KeysTest4- KeysTest6- StructureTest3 , ,
94,Tue Sep 22 12:46:26 EDT 2020,95,5,Assignment2Suite,DimensionTest0 DimensionTest1 DimensionTest2 DimensionTest3 DimensionTest4 GetTest0 GetTest1 GetTest2 GetTest3 GetTest4 KeysTest0 KeysTest2 KeysTest3 KeysTest4+ KeysTest5 KeysTest6+ MinMaxTest0 MinMaxTest1 MinMaxTest2 MinMaxTest3 MinMaxTest4 MinMaxTest5 MinMaxTest6 MinMaxTest7 PutTest0 PutTest1 PutTest2 PutTest3 PutTest4 PutTest5 PutTest6 RemoveTest0 RemoveTest1 RemoveTest2 RemoveTest3 StructureTest0 StructureTest1 StructureTest2 , ,KeysTest1 StructureTest3 , ,
95,Tue Sep 22 12:48:17 EDT 2020,95,0,Assignment2Suite,DimensionTest0 DimensionTest1 DimensionTest2 DimensionTest3 DimensionTest4 GetTest0 GetTest1 GetTest2 GetTest3 GetTest4 KeysTest0 KeysTest2 KeysTest3 KeysTest4 KeysTest5 KeysTest6 MinMaxTest0 MinMaxTest1 MinMaxTest2 MinMaxTest3 MinMaxTest4 MinMaxTest5 MinMaxTest6 MinMaxTest7 PutTest0 PutTest1 PutTest2 PutTest3 PutTest4 PutTest5 PutTest6 RemoveTest0 RemoveTest1 RemoveTest2 RemoveTest3 StructureTest0 StructureTest1 StructureTest2 , ,KeysTest1 StructureTest3 , ,
96,Tue Sep 22 12:50:23 EDT 2020,95,0,Assignment2Suite,DimensionTest0 DimensionTest1 DimensionTest2 DimensionTest3 DimensionTest4 GetTest0 GetTest1 GetTest2 GetTest3 GetTest4 KeysTest0 KeysTest2 KeysTest3 KeysTest4 KeysTest5 KeysTest6 MinMaxTest0 MinMaxTest1 MinMaxTest2 MinMaxTest3 MinMaxTest4 MinMaxTest5 MinMaxTest6 MinMaxTest7 PutTest0 PutTest1 PutTest2 PutTest3 PutTest4 PutTest5 PutTest6 RemoveTest0 RemoveTest1 RemoveTest2 RemoveTest3 StructureTest0 StructureTest1 StructureTest2 , ,KeysTest1 StructureTest3 , ,
97,Tue Sep 22 12:50:59 EDT 2020,95,0,Assignment2Suite,DimensionTest0 DimensionTest1 DimensionTest2 DimensionTest3 DimensionTest4 GetTest0 GetTest1 GetTest2 GetTest3 GetTest4 KeysTest0 KeysTest2 KeysTest3 KeysTest4 KeysTest5 KeysTest6 MinMaxTest0 MinMaxTest1 MinMaxTest2 MinMaxTest3 MinMaxTest4 MinMaxTest5 MinMaxTest6 MinMaxTest7 PutTest0 PutTest1 PutTest2 PutTest3 PutTest4 PutTest5 PutTest6 RemoveTest0 RemoveTest1 RemoveTest2 RemoveTest3 StructureTest0 StructureTest1 StructureTest2 , ,KeysTest1 StructureTest3 , ,
98,Tue Sep 22 12:51:32 EDT 2020,95,0,Assignment2Suite,DimensionTest0 DimensionTest1 DimensionTest2 DimensionTest3 DimensionTest4 GetTest0 GetTest1 GetTest2 GetTest3 GetTest4 KeysTest0 KeysTest2 KeysTest3 KeysTest4 KeysTest5 KeysTest6 MinMaxTest0 MinMaxTest1 MinMaxTest2 MinMaxTest3 MinMaxTest4 MinMaxTest5 MinMaxTest6 MinMaxTest7 PutTest0 PutTest1 PutTest2 PutTest3 PutTest4 PutTest5 PutTest6 RemoveTest0 RemoveTest1 RemoveTest2 RemoveTest3 StructureTest0 StructureTest1 StructureTest2 , ,KeysTest1 StructureTest3 , ,
99,Tue Sep 22 13:17:03 EDT 2020,95,0,Assignment2Suite,DimensionTest0 DimensionTest1 DimensionTest2 DimensionTest3 DimensionTest4 GetTest0 GetTest1 GetTest2 GetTest3 GetTest4 KeysTest0 KeysTest2 KeysTest3 KeysTest4 KeysTest5 KeysTest6 MinMaxTest0 MinMaxTest1 MinMaxTest2 MinMaxTest3 MinMaxTest4 MinMaxTest5 MinMaxTest6 MinMaxTest7 PutTest0 PutTest1 PutTest2 PutTest3 PutTest4 PutTest5 PutTest6 RemoveTest0 RemoveTest1 RemoveTest2 RemoveTest3 StructureTest0 StructureTest1 StructureTest2 , ,KeysTest1 StructureTest3 , ,
100,Tue Sep 22 14:09:54 EDT 2020,97,2,Assignment2Suite,DimensionTest0 DimensionTest1 DimensionTest2 DimensionTest3 DimensionTest4 GetTest0 GetTest1 GetTest2 GetTest3 GetTest4 KeysTest0 KeysTest2 KeysTest3 KeysTest4 KeysTest5 KeysTest6 MinMaxTest0 MinMaxTest1 MinMaxTest2 MinMaxTest3 MinMaxTest4 MinMaxTest5 MinMaxTest6 MinMaxTest7 PutTest0 PutTest1 PutTest2 PutTest3 PutTest4 PutTest5 PutTest6 RemoveTest0 RemoveTest1 RemoveTest2 RemoveTest3 StructureTest0 StructureTest1 StructureTest2 StructureTest3+ , ,KeysTest1 , ,
101,Tue Sep 22 14:10:10 EDT 2020,97,0,Assignment2Suite,DimensionTest0 DimensionTest1 DimensionTest2 DimensionTest3 DimensionTest4 GetTest0 GetTest1 GetTest2 GetTest3 GetTest4 KeysTest0 KeysTest2 KeysTest3 KeysTest4 KeysTest5 KeysTest6 MinMaxTest0 MinMaxTest1 MinMaxTest2 MinMaxTest3 MinMaxTest4 MinMaxTest5 MinMaxTest6 MinMaxTest7 PutTest0 PutTest1 PutTest2 PutTest3 PutTest4 PutTest5 PutTest6 RemoveTest0 RemoveTest1 RemoveTest2 RemoveTest3 StructureTest0 StructureTest1 StructureTest2 StructureTest3 , ,KeysTest1 , ,
102,Tue Sep 22 14:15:24 EDT 2020,97,0,Assignment2Suite,DimensionTest0 DimensionTest1 DimensionTest2 DimensionTest3 DimensionTest4 GetTest0 GetTest1 GetTest2 GetTest3 GetTest4 KeysTest0 KeysTest2 KeysTest3 KeysTest4 KeysTest5 KeysTest6 MinMaxTest0 MinMaxTest1 MinMaxTest2 MinMaxTest3 MinMaxTest4 MinMaxTest5 MinMaxTest6 MinMaxTest7 PutTest0 PutTest1 PutTest2 PutTest3 PutTest4 PutTest5 PutTest6 RemoveTest0 RemoveTest1 RemoveTest2 RemoveTest3 StructureTest0 StructureTest1 StructureTest2 StructureTest3 , ,KeysTest1 , ,
103,Tue Sep 22 14:15:55 EDT 2020,97,0,Assignment2Suite,DimensionTest0 DimensionTest1 DimensionTest2 DimensionTest3 DimensionTest4 GetTest0 GetTest1 GetTest2 GetTest3 GetTest4 KeysTest0 KeysTest2 KeysTest3 KeysTest4 KeysTest5 KeysTest6 MinMaxTest0 MinMaxTest1 MinMaxTest2 MinMaxTest3 MinMaxTest4 MinMaxTest5 MinMaxTest6 MinMaxTest7 PutTest0 PutTest1 PutTest2 PutTest3 PutTest4 PutTest5 PutTest6 RemoveTest0 RemoveTest1 RemoveTest2 RemoveTest3 StructureTest0 StructureTest1 StructureTest2 StructureTest3 , ,KeysTest1 , ,
104,Wed Sep 23 20:56:05 EDT 2020,97,0,Assignment2Suite,DimensionTest0 DimensionTest1 DimensionTest2 DimensionTest3 DimensionTest4 GetTest0 GetTest1 GetTest2 GetTest3 GetTest4 KeysTest0 KeysTest2 KeysTest3 KeysTest4 KeysTest5 KeysTest6 MinMaxTest0 MinMaxTest1 MinMaxTest2 MinMaxTest3 MinMaxTest4 MinMaxTest5 MinMaxTest6 MinMaxTest7 PutTest0 PutTest1 PutTest2 PutTest3 PutTest4 PutTest5 PutTest6 RemoveTest0 RemoveTest1 RemoveTest2 RemoveTest3 StructureTest0 StructureTest1 StructureTest2 StructureTest3 , ,KeysTest1 , ,
105,Wed Sep 23 20:56:42 EDT 2020,97,0,Assignment2Suite,DimensionTest0 DimensionTest1 DimensionTest2 DimensionTest3 DimensionTest4 GetTest0 GetTest1 GetTest2 GetTest3 GetTest4 KeysTest0 KeysTest2 KeysTest3 KeysTest4 KeysTest5 KeysTest6 MinMaxTest0 MinMaxTest1 MinMaxTest2 MinMaxTest3 MinMaxTest4 MinMaxTest5 MinMaxTest6 MinMaxTest7 PutTest0 PutTest1 PutTest2 PutTest3 PutTest4 PutTest5 PutTest6 RemoveTest0 RemoveTest1 RemoveTest2 RemoveTest3 StructureTest0 StructureTest1 StructureTest2 StructureTest3 , ,KeysTest1 , ,
106,Wed Sep 23 20:57:39 EDT 2020,97,0,Assignment2Suite,DimensionTest0 DimensionTest1 DimensionTest2 DimensionTest3 DimensionTest4 GetTest0 GetTest1 GetTest2 GetTest3 GetTest4 KeysTest0 KeysTest2 KeysTest3 KeysTest4 KeysTest5 KeysTest6 MinMaxTest0 MinMaxTest1 MinMaxTest2 MinMaxTest3 MinMaxTest4 MinMaxTest5 MinMaxTest6 MinMaxTest7 PutTest0 PutTest1 PutTest2 PutTest3 PutTest4 PutTest5 PutTest6 RemoveTest0 RemoveTest1 RemoveTest2 RemoveTest3 StructureTest0 StructureTest1 StructureTest2 StructureTest3 , ,KeysTest1 , ,
107,Wed Sep 23 20:58:00 EDT 2020,97,0,Assignment2Suite,DimensionTest0 DimensionTest1 DimensionTest2 DimensionTest3 DimensionTest4 GetTest0 GetTest1 GetTest2 GetTest3 GetTest4 KeysTest0 KeysTest2 KeysTest3 KeysTest4 KeysTest5 KeysTest6 MinMaxTest0 MinMaxTest1 MinMaxTest2 MinMaxTest3 MinMaxTest4 MinMaxTest5 MinMaxTest6 MinMaxTest7 PutTest0 PutTest1 PutTest2 PutTest3 PutTest4 PutTest5 PutTest6 RemoveTest0 RemoveTest1 RemoveTest2 RemoveTest3 StructureTest0 StructureTest1 StructureTest2 StructureTest3 , ,KeysTest1 , ,
108,Wed Sep 23 21:23:16 EDT 2020,97,0,Assignment2Suite,DimensionTest0 DimensionTest1 DimensionTest2 DimensionTest3 DimensionTest4 GetTest0 GetTest1 GetTest2 GetTest3 GetTest4 KeysTest0 KeysTest2 KeysTest3 KeysTest4 KeysTest5 KeysTest6 MinMaxTest0 MinMaxTest1 MinMaxTest2 MinMaxTest3 MinMaxTest4 MinMaxTest5 MinMaxTest6 MinMaxTest7 PutTest0 PutTest1 PutTest2 PutTest3 PutTest4 PutTest5 PutTest6 RemoveTest0 RemoveTest1 RemoveTest2 RemoveTest3 StructureTest0 StructureTest1 StructureTest2 StructureTest3 , ,KeysTest1 , ,
109,Wed Sep 23 21:24:49 EDT 2020,97,0,Assignment2Suite,DimensionTest0 DimensionTest1 DimensionTest2 DimensionTest3 DimensionTest4 GetTest0 GetTest1 GetTest2 GetTest3 GetTest4 KeysTest0 KeysTest2 KeysTest3 KeysTest4 KeysTest5 KeysTest6 MinMaxTest0 MinMaxTest1 MinMaxTest2 MinMaxTest3 MinMaxTest4 MinMaxTest5 MinMaxTest6 MinMaxTest7 PutTest0 PutTest1 PutTest2 PutTest3 PutTest4 PutTest5 PutTest6 RemoveTest0 RemoveTest1 RemoveTest2 RemoveTest3 StructureTest0 StructureTest1 StructureTest2 StructureTest3 , ,KeysTest1 , ,
110,Thu Sep 24 11:05:49 EDT 2020,97,0,Assignment2Suite,DimensionTest0 DimensionTest1 DimensionTest2 DimensionTest3 DimensionTest4 GetTest0 GetTest1 GetTest2 GetTest3 GetTest4 KeysTest0 KeysTest2 KeysTest3 KeysTest4 KeysTest5 KeysTest6 MinMaxTest0 MinMaxTest1 MinMaxTest2 MinMaxTest3 MinMaxTest4 MinMaxTest5 MinMaxTest6 MinMaxTest7 PutTest0 PutTest1 PutTest2 PutTest3 PutTest4 PutTest5 PutTest6 RemoveTest0 RemoveTest1 RemoveTest2 RemoveTest3 StructureTest0 StructureTest1 StructureTest2 StructureTest3 , ,KeysTest1 , ,
111,Thu Sep 24 11:07:01 EDT 2020,97,0,Assignment2Suite,DimensionTest0 DimensionTest1 DimensionTest2 DimensionTest3 DimensionTest4 GetTest0 GetTest1 GetTest2 GetTest3 GetTest4 KeysTest0 KeysTest2 KeysTest3 KeysTest4 KeysTest5 KeysTest6 MinMaxTest0 MinMaxTest1 MinMaxTest2 MinMaxTest3 MinMaxTest4 MinMaxTest5 MinMaxTest6 MinMaxTest7 PutTest0 PutTest1 PutTest2 PutTest3 PutTest4 PutTest5 PutTest6 RemoveTest0 RemoveTest1 RemoveTest2 RemoveTest3 StructureTest0 StructureTest1 StructureTest2 StructureTest3 , ,KeysTest1 , ,
